{
    "id": "Etoile:RoomASC",
    "type": "Room",
    "name": {
        "type": "Property",
        "value": "Third floor room ASC"
    },
    "numbersOfDoors": {
        "type": "Property",
        "value": 0
    },
    "numberOfWindows": {
        "type": "Property",
        "value": 0
    },
    "onFloor": {
        "type": "Relationship",
        "object": "Etoile:Floor3"
    },
    "location": {
        "type": "Geoproperty",
        "value": {
            "type": "Polygon",
            "coordinates": [
                [
                    [
                        23.5,
                        6.8,
                        0.0
                    ],
                    [
                        27.2,
                        6.8,
                        0.0
                    ],
                    [
                        27.2,
                        9.0,
                        0.0
                    ],
                    [
                        23.5,
                        9.0,
                        0.0
                    ]
                ]
            ]
        }
    },
    "height": {
        "type": "Property",
        "value": 4
    }, 
    "@context": "Nothing for now"
}