{
    "id": "Etoile:RoomH327",
    "type": "Room",
    "name": {
        "type": "Property",
        "value": "Third floor room H327"
    },
    "numbersOfDoors": {
        "type": "Property",
        "value": 2
    },
    "numberOfWindows": {
        "type": "Property",
        "value": 12
    },
    "doorsInRoom": {
        "type": "Relationship",
        "object": [
        "Etoile:RoomH327:Door1",
        "Etoile:RoomH327:Door2"
         ]
    },
    "windowsInRoom": {
        "type": "Relationship",
        "object": [
        "Etoile:RoomH327:Window1",
        "Etoile:RoomH327:Window2",
        "Etoile:RoomH327:Window3",
        "Etoile:RoomH327:Window4",
        "Etoile:RoomH327:Window5",
        "Etoile:RoomH327:Window6",
        "Etoile:RoomH327:Window7",
        "Etoile:RoomH327:Window8",
        "Etoile:RoomH327:Window9",
        "Etoile:RoomH327:Window10",
        "Etoile:RoomH327:Window11",
        "Etoile:RoomH327:Window12"
         ]
    },
    "onFloor": {
        "type": "Relationship",
        "object": "Etoile:Floor3"
    },
    "location": {
        "type": "Geoproperty",
        "value": {
            "type": "Polygon",
            "coordinates": [
                [
                    [
                        46.9,
                        0.0,
                        0.0
                    ],
                    [
                        56.0,
                        0.0,
                        0.0
                    ],
                    [
                        56.0,
                        9.0,
                        0.0
                    ],
                    [
                        46.9,
                        9.0,
                        0.0
                    ]
                ]
            ]
        }
    },
    "height": {
        "type": "Property",
        "value": 4
    }, 
    "@context": "Nothing for now"
}