{
    "id": "Etoile:RoomH314",
    "type": "Room",
    "name": {
        "type": "Property",
        "value": "Third floor room H314"
    },
    "numbersOfDoors": {
        "type": "Property",
        "value": 1
    },
    "numberOfWindows": {
        "type": "Property",
        "value": 2
    },
    "doorsInRoom": {
        "type": "Relationship",
        "object": [
        "Etoile:RoomH314:Door1"
         ]
    },
    "windowsInRoom": {
        "type": "Relationship",
        "object": [
        "Etoile:RoomH314:Window1",
        "Etoile:RoomH314:Window2"
         ]
    },
    "onFloor": {
        "type": "Relationship",
        "object": "Etoile:Floor3"
    },
    "location": {
        "type": "Geoproperty",
        "value": {
            "type": "Polygon",
            "coordinates": [
                [
                    [
                        23.0,
                        0.0,
                        0.0
                    ],
                    [
                        27.5,
                        0.0,
                        0.0
                    ],
                    [
                        27.5,
                        3.4,
                        0.0
                    ],
                    [
                        23.0,
                        3.4,
                        0.0
                    ]
                ]
            ]
        }
    },
    "height": {
        "type": "Property",
        "value": 4
    }, 
    "@context": "Nothing for now"
}