{
    "id": "Etoile:Floor3",
    "type": "Floor",
    "name": {
        "type": "Property",
        "value": "Third floor"
    },
    "numberOfRooms": {
        "type": "Property",
        "value": 17
    },
    "roomsOnFloor": {
        "type": "Relationship",
        "object": [
            "Etoile:RoomH320",
            "Etoile:RoomH317",
            "Etoile:RoomH316",
            "Etoile:RoomH315",
            "Etoile:RoomH314",
            "Etoile:RoomH313",
            "Etoile:RoomH312",
            "Etoile:RoomH311",
            "Etoile:RoomH310",
            "Etoile:RoomH327",
            "Etoile:RoomH300",
            "Etoile:RoomH326",
            "Etoile:RoomH325",
            "Etoile:RoomH324",
            "Etoile:RoomASC",
            "Etoile:RoomH323",
            "Etoile:RoomH301"
        ]
    },
    "withinBuilding": {
        "type": "Relationship",
        "object": "Etoile:etoile"
    },
    "location": {
        "type": "Geoproperty",
        "value": {
            "type": "Polygon",
            "coordinates": [
                [
                    [
                        0.0,
                        0.0,
                        0.0
                    ],
                    [
                        56.0,
                        0.0,
                        0.0
                    ],
                    [
                        56.0,
                        9.0,
                        0.0
                    ],
                    [
                        0.0,
                        9.0,
                        0.0
                    ]
                ]
            ]
        }
    },
    "height": {
        "type": "Property",
        "value": 4
    },
    "@context": "Nothing for now"
}