{
    "id": "Etoile:RoomH313:Door1",
    "type": "Door",
    "location": {
        "type":"Geoproperty",
        "value": {
            "type":"Linestring",
            "coordinates": [
                [
                    [
                        30.7,
                        3.4,
                        0.0
                    ],
                    [
                        31.7,
                        3.4,
                        0.0
                    ]
                ]
            ]
        }
    },
    "height": {
        "type": "Property",
        "value": 2
    },
    "@context": "Nothing for now"
}