{
    "id": "Etoile:RoomH312",
    "type": "Room",
    "name": {
        "type": "Property",
        "value": "Third floor room H312"
    },
    "numbersOfDoors": {
        "type": "Property",
        "value": 1
    },
    "numberOfWindows": {
        "type": "Property",
        "value": 2
    },
    "doorsInRoom": {
        "type": "Relationship",
        "object": [
        "Etoile:RoomH312:Door1"
         ]
    },
    "windowsInRoom": {
        "type": "Relationship",
        "object": [
        "Etoile:RoomH312:Window1",
        "Etoile:RoomH312:Window2"
         ]
    },
    "onFloor": {
        "type": "Relationship",
        "object": "Etoile:Floor3"
    },
    "location": {
        "type": "Geoproperty",
        "value": {
            "type": "Polygon",
            "coordinates": [
                [
                    [
                        32.0,
                        0.0,
                        0.0
                    ],
                    [
                        36.6,
                        0.0,
                        0.0
                    ],
                    [
                        36.6,
                        3.4,
                        0.0
                    ],
                    [
                        32.0,
                        3.4,
                        0.0
                    ]
                ]
            ]
        }
    },
    "height": {
        "type": "Property",
        "value": 4
    }, 
    "@context": "Nothing for now"
}