{
    "id": "Etoile:RoomH310:Window1",
    "type": "Window",
    "location": {
        "type": "Geoproperty",
        "value": {
            "type": "Linestring",
            "coordinates": [
                [
                    [
                        39.0,
                        0.0,
                        0.5
                    ],
                    [
                        40.0,
                        0.0,
                        0.5
                    ]
                ]
            ]
        }
    },
    "height": {
        "type": "Property",
        "value": 1.5
    },
    "@context": "Nothing for now"
}