{
    "id": "Etoile:RoomH320:Window11",
    "type": "Window",
    "location": {
        "type": "Geoproperty",
        "value": {
            "type": "Linestring",
            "coordinates": [
                [
                    [
                        7.1,
                        9.0,
                        0.5
                    ],
                    [
                        8.1,
                        9.0,
                        0.5
                    ]
                ]
            ]
        }
    },
    "height": {
        "type": "Property",
        "value": 1.5
    },
    "@context": "Nothing for now"
}