{
    "id": "Etoile:RoomH301:Door1",
    "type": "Door",
    "location": {
        "type":"Geoproperty",
        "value": {
            "type":"Linestring",
            "coordinates": [
                [
                    [
                        10.2,
                        5.0,
                        0.0
                    ],
                    [
                        11.6,
                        5.0,
                        0.0
                    ]
                ]
            ]
        }
    },
    "height": {
        "type": "Property",
        "value": 2
    },
    "@context": "Nothing for now"
}