{
    "id": "Etoile:RoomH320:Door1",
    "type": "Door",
    "location": {
        "type":"Geoproperty",
        "value": {
            "type":"Linestring",
            "coordinates": [
                [
                    [
                        9.0,
                        3.7,
                        0.0
                    ],
                    [
                        9.0,
                        4.7,
                        0.0
                    ]
                ]
            ]
        }
    },
    "height": {
        "type": "Property",
        "value": 2
    },
    "@context": "Nothing for now"
}